committee,topic,title,url,source_type,relevance_score
UN Educational Scientific and Cultural Organization,Solidifying sustainable agriculture,IFOAM Euro-Asia | IFOAM,https://www.ifoam.bio/about-us/our-network/regional-bodies/ifoam-euro-asia,other,0.42500000000000004
UN Educational Scientific and Cultural Organization,Solidifying sustainable agriculture,IFOAM America Latina | IFOAM,https://www.ifoam.bio/about-us/our-network/regional-bodies/ifoam-america-latina,other,0.4
UN Educational Scientific and Cultural Organization,Solidifying sustainable agriculture,IFOAM AgriBioMediterraneo | IFOAM,https://www.ifoam.bio/about-us/our-network/regional-bodies/ifoam-agribio-mediterraneo,other,0.55
UN Educational Scientific and Cultural Organization,Solidifying sustainable agriculture,IFOAM - Organics International | Home,https://www.ifoam.bio,other,0.5166666666666666
UN Educational Scientific and Cultural Organization,Solidifying sustainable agriculture,IFOAM Organics Europe | IFOAM,https://www.ifoam.bio/about-us/our-network/regional-bodies/ifoam-eu-group,other,0.375
UN Educational Scientific and Cultural Organization,Solidifying sustainable agriculture,IFOAM Asia | IFOAM,https://www.ifoam.bio/about-us/our-network/regional-bodies/ifoam-asia,other,0.4083333333333333
UN Educational Scientific and Cultural Organization,Protecting world heritage sites,Accueil - International Council on Monuments and Sites,https://www.icomos.org,other,0.4166666666666667
UN Educational Scientific and Cultural Organization,Protecting world heritage sites,Home Page | ICOMOS AGA2025,https://icomosaga2025.checkout.com.np/,other,0.47500000000000003
UN Educational Scientific and Cultural Organization,Protecting world heritage sites,"A vos agendas : AGA2025 à Lumbini, Népal - International Council on Monuments and Sites",https://www.icomos.org/fr/627-articles-en-francais/a-propos-de-licomos/gouvernance/assemblees-generales/157345-agenda-aga2025-lumbini-nepal,other,0.31666666666666665
Economic and Social Council,Promoting rural development in Africa,Welcome remarks by Mr. Antonio Pedro - ‘Pre-event on private sector development Forward Faster Now Africa – SDGs Activation Day’ | United Nations Economic Commission for Africa,https://www.uneca.org/stories/welcome-remarks-by-mr.-antonio-pedro-%E2%80%98pre-event-on-private-sector-development-forward-faster,other,0.55
Economic and Social Council,Promoting rural development in Africa,Social Development,https://repository.uneca.org/handle/10855/22570,other,0.55
Economic and Social Council,Promoting rural development in Africa,United Nations Economic Commission for Africa | Ideas for a prosperous Africa,https://www.uneca.org,other,0.75
Economic and Social Council,Promoting rural development in Africa,Stories | United Nations Economic Commission for Africa,https://www.uneca.org/media-centre/stories,other,0.5
Economic and Social Council,Promoting rural development in Africa,5 investments that will help nourish the world,https://www.ifad.org/en/w/explainers/5-investments-that-will-help-nourish-the-world,other,0.525
Economic and Social Council,Promoting rural development in Africa,COVID-19 Situation Report: 05 May 2022,https://repository.uneca.org/handle/10855/49045,other,0.5
Economic and Social Council,Promoting rural development in Africa,Forest bounty feeds the world,https://www.ifad.org/en/w/rural-voices/forest-bounty-feeds-the-world,other,0.5
Economic and Social Council,Promoting rural development in Africa,Our Vision,https://www.ifad.org/en/our-vision,other,0.525
Economic and Social Council,Promoting rural development in Africa,Search,https://repository.uneca.org/discover,other,0.6000000000000001
Economic and Social Council,Promoting rural development in Africa,Home,https://www.ifad.org/web/new-ifad.org,other,0.5
Economic and Social Council,Promoting rural development in Africa,Who we are,https://www.ifad.org/en/who-we-are,other,0.4
Economic and Social Council,Promoting rural development in Africa,Transforming our world: the 2030 Agenda for Sustainable Development | Department of Economic and Social Affairs,https://sdgs.un.org/2030agenda,UN_organization,0.8999999999999999
Economic and Social Council,Promoting rural development in Africa,ECA IR Home,https://repository.uneca.org/,other,0.7250000000000001
Economic and Social Council,Promoting rural development in Africa,Where we work,https://www.ifad.org/en/where-we-work,other,0.475
Economic and Social Council,Promoting rural development in Africa,Action areas,https://www.ifad.org/en/action-areas,other,0.525
Economic and Social Council,Promoting rural development in Africa,Knowledge & Data,https://www.ifad.org/en/knowledge-and-data,other,0.5
Economic and Social Council,Promoting rural development in Africa,Rural Voices,https://www.ifad.org/web/new-ifad.org/rural-voices,other,0.5
Economic and Social Council,Promoting rural development in Africa,Keynote speech by Mr. Antonio Pedro at the African Union Pan-African Youth Leadership Summit | United Nations Economic Commission for Africa,https://www.uneca.org/stories/keynote-speech-by-mr.-antonio-pedro-at-the-african-union-pan-african-youth-leadership-summit,other,0.65
Economic and Social Council,Promoting rural development in Africa,Social Development,https://repository.uneca.org/handle/10855/22569,other,0.65
Economic and Social Council,Promoting rural development in Africa,Work programmes,https://repository.uneca.org/handle/10855/22560,other,0.65
Economic and Social Council,Promoting rural development in Africa,A New Profile of the Global Poor - ScienceDirect,https://www.sciencedirect.com/science/article/pii/S0305750X17302735,other,0.35
Economic and Social Council,Promoting rural development in Africa,Home,https://www.ifad.org,other,0.5
Economic and Social Council,Promoting rural development in Africa,Investment from Malians abroad supports farmers back home,https://www.ifad.org/en/w/rural-voices/investment-from-malians-abroad-supports-farmers-back-home,other,0.625
Economic and Social Council,Promoting rural development in Africa,Opening remarks by Mr. Antonio Pedro at the African Leadership Forum | United Nations Economic Commission for Africa,https://www.uneca.org/stories/opening-remarks-by-mr.-antonio-pedro-at-the-african-leadership-forum,other,0.525
Economic and Social Council,Promoting rural development in Africa,United Nations Economic Commission for Africa | Ideas for a prosperous Africa,https://www.uneca.org/,other,0.75
Economic and Social Council,Promoting rural development in Africa,What we do,https://www.ifad.org/en/what-we-do,other,0.42500000000000004
Economic and Social Council,Promoting rural development in Africa,Soil is getting saltier – but African farmers are standing strong,https://www.ifad.org/en/w/rural-voices/soil-is-getting-saltier-but-african-farmers-are-standing-strong,other,0.55
Economic and Social Council,Addressing social inclusion of the elderly,联合国经济及社会理事会,https://ecosoc.un.org/zh,UN_organization,0.4107142857142857
Economic and Social Council,Addressing social inclusion of the elderly,Home | Economic and Social Council,https://ecosoc.un.org/en,UN_organization,0.4857142857142857
Economic and Social Council,Addressing social inclusion of the elderly,Global aid’s gender equality failures - HelpAge International,https://www.helpage.org/investing-in-equality/,other,0.42142857142857143
Economic and Social Council,Addressing social inclusion of the elderly,Conseil économique et social,https://ecosoc.un.org/fr,UN_organization,0.46071428571428574
Economic and Social Council,Addressing social inclusion of the elderly,What we do - HelpAge International,https://www.helpage.org/what-we-do/,other,0.3964285714285714
Economic and Social Council,Addressing social inclusion of the elderly,HelpAge International - Promoting the rights of older people,https://www.helpage.org,other,0.3214285714285714
Economic and Social Council,Addressing social inclusion of the elderly,"Trends in Maternal Mortality 2000-2023: Estimates by WHO, UNICEF, UNFPA, World Bank Group and UNDESA/Population Division",https://www.unfpa.org/publications/trends-maternal-mortality-2000-2023-estimates-who-unicef-unfpa-world-bank-group-and,other,0.33571428571428574
Economic and Social Council,Addressing social inclusion of the elderly,"Values, vision and strategy - HelpAge International",https://www.helpage.org/about-us/values-vision-and-strategy/,other,0.3214285714285714
Economic and Social Council,Addressing social inclusion of the elderly,World Health Day 2024,https://www.who.int/campaigns/world-health-day/2024,UN_organization,0.30000000000000004
Economic and Social Council,Addressing social inclusion of the elderly,Respond to humanitarian crises - HelpAge International,https://www.helpage.org/what-we-do/humanitarian-action/,other,0.42142857142857143
Economic and Social Council,Addressing social inclusion of the elderly,Middle East crisis - HelpAge International,https://www.helpage.org/what-we-do/humanitarian-action/gaza-crisis/,other,0.4107142857142857
Economic and Social Council,Addressing social inclusion of the elderly,Global network - HelpAge International,https://www.helpage.org/global-network/,other,0.5821428571428572
Economic and Social Council,Addressing social inclusion of the elderly,المجلس الاقتصادي والاجتماعي,https://ecosoc.un.org/ar,UN_organization,0.4107142857142857
Economic and Social Council,Addressing social inclusion of the elderly,Our commitment to localisation - HelpAge International,https://www.helpage.org/about-us/values-vision-and-strategy/localisation/,other,0.33571428571428574
Economic and Social Council,Addressing social inclusion of the elderly,"Commission on Population and Development, fifty-eighth session",https://www.unfpa.org/events/commission-population-and-development-fifty-eighth-session,other,0.5714285714285714
Economic and Social Council,Addressing social inclusion of the elderly,World Health Day 2021,https://www.who.int/campaigns/world-health-day/2021,UN_organization,0.4714285714285714
Economic and Social Council,Addressing social inclusion of the elderly,World Health Day 2022,https://www.who.int/campaigns/world-health-day/2022,UN_organization,0.33571428571428574
Economic and Social Council,Addressing social inclusion of the elderly,Global network - HelpAge International,https://www.helpage.org/about-us/global-network/,other,0.5821428571428572
Economic and Social Council,Addressing social inclusion of the elderly,International Conference on Population and Development,https://www.unfpa.org/icpd,other,0.4464285714285714
Economic and Social Council,Improving higher education in developing countries,"Serbia: Union organizing results in more funding, lower tuition fees, and fairer salaries in higher education",https://www.ei-ie.org/en/item/29571:serbia-union-organizing-results-in-more-funding-lower-tuition-fees-and-fairer-salaries-in-higher-education,other,0.625
Economic and Social Council,Improving higher education in developing countries,Jamaica launches “Go Public! Fund Education” campaign amid critical teacher shortage,https://www.ei-ie.org/en/item/29629:jamaica-launches-go-public-fund-education-campaign-amid-critical-teacher-shortage,other,0.44999999999999996
Economic and Social Council,Improving higher education in developing countries,Goal 4 | Department of Economic and Social Affairs,https://sdgs.un.org/goals/goal4,UN_organization,0.775
Economic and Social Council,Improving higher education in developing countries,"UNESCO : Building Peace through Education, Science and Culture, communication and information",https://www.unesco.org,UN_organization,0.35000000000000003
Economic and Social Council,Improving higher education in developing countries,Tackling the teacher shortage crisis in the Commonwealth,https://www.ei-ie.org/en/item/29642:tackling-the-teacher-shortage-crisis-in-the-commonwealth,other,0.7
Economic and Social Council,Improving higher education in developing countries,Fishing in the desert: Unlocking Lake Turkana’s potential | UNESCO,https://www.unesco.org/en/articles/fishing-desert-unlocking-lake-turkanas-potential,UN_organization,0.42500000000000004
Economic and Social Council,Improving higher education in developing countries,Privacy Policy – Privacy & Terms – Google,https://policies.google.com/privacy,other,0.5
Economic and Social Council,Improving higher education in developing countries,World Heritage | UNESCO,https://www.unesco.org/en/world-heritage,UN_organization,0.45
Economic and Social Council,Improving higher education in developing countries,Communications are key as African education unionists campaign to Go Public and Fund Education,https://www.ei-ie.org/en/item/29674:communications-are-key-as-african-education-unionists-campaign-to-go-public-and-fund-education,other,0.5249999999999999
Economic and Social Council,Improving higher education in developing countries,Fighting the commercialisation of education,https://www.ei-ie.org/en/workarea/1312:fighting-the-commercialisation-of-education,other,0.525
Economic and Social Council,Improving higher education in developing countries,United States: Massive day of action to protect children’s right to quality education!,https://www.ei-ie.org/en/item/29559:united-states-massive-day-of-action-to-protect-childrens-right-to-quality-education,other,0.475
Economic and Social Council,Improving higher education in developing countries,MONDIACULT 2025 | UNESCO,https://www.unesco.org/en/mondiacult,UN_organization,0.35000000000000003
Economic and Social Council,Improving higher education in developing countries,THE 17 GOALS | Sustainable Development,https://sdgs.un.org/goals,UN_organization,0.525
Economic and Social Council,Improving higher education in developing countries,Statement of the Executive Board of Education International on the Global Disability Summit,https://www.ei-ie.org/en/item/29666:statement-of-the-executive-board-of-education-international-on-the-global-disability-summit,other,0.42500000000000004
Economic and Social Council,Improving higher education in developing countries,Revive the Spirit of Mosul | UNESCO,https://www.unesco.org/en/revive-mosul,UN_organization,0.30000000000000004
Economic and Social Council,Improving higher education in developing countries,Asia Pacific: Renewed sense of unity and determination to defend public education,https://www.ei-ie.org/en/item/29566:asia-pacific-renewed-sense-of-unity-and-determination-to-defend-public-education,other,0.475
Economic and Social Council,Improving higher education in developing countries,"Resolution of the Executive Board of Education International on the attacks on public education, democracy, and union values in the United States",https://www.ei-ie.org/en/item/29668:resolution-of-the-executive-board-of-education-international-on-the-attacks-on-public-education-democracy-and-union-values-in-the-united-states,other,0.35000000000000003
Economic and Social Council,Improving higher education in developing countries,Google Terms of Service – Privacy & Terms – Google,https://policies.google.com/terms,other,0.4
Economic and Social Council,Improving higher education in developing countries,Achieving Sustainable Development Goal 4,https://www.ei-ie.org/en/workarea/1311:achieving-sustainable-development-goal-4,other,0.625
Economic and Social Council,Improving higher education in developing countries,Education International,https://www.ei-ie.org,other,0.475
United Nations Environment Programme,Limiting chemical pollutants and pesticides in soil,UNEP - UN Environment Programme,https://www.unep.org,other,0.45000000000000007
United Nations Environment Programme,Limiting chemical pollutants and pesticides in soil,"News, Stories & Speeches | UNEP - UN Environment Programme",https://www.unep.org/news-and-stories,other,0.42500000000000004
United Nations Environment Programme,Limiting chemical pollutants and pesticides in soil,Protecting the planet is everyone's responsibility | UNEP - UN Environment Programme,https://www.unep.org/get-involved,other,0.42500000000000004
United Nations Environment Programme,Limiting chemical pollutants and pesticides in soil,UNEP - UN Environment Programme,https://www.unep.org/,other,0.45000000000000007
United Nations Environment Programme,Regulating unethical textile manufacturing and the fast fashion industry,Fashion Revolution Week 2025 : Fashion Revolution,https://www.fashionrevolution.org/frw-25,other,0.36363636363636365
United Nations Environment Programme,Regulating unethical textile manufacturing and the fast fashion industry,Fashion - China | Statista Market Forecast,https://www.statista.com/outlook/emo/fashion/china,other,0.3977272727272727
United Nations Environment Programme,Regulating unethical textile manufacturing and the fast fashion industry,What Fuels Fashion? : Fashion Revolution,https://www.fashionrevolution.org/transparency/,other,0.6272727272727272
United Nations Environment Programme,Regulating unethical textile manufacturing and the fast fashion industry,Fashion Revolution,https://www.fashionrevolution.org,other,0.3886363636363636
United Nations Environment Programme,Regulating unethical textile manufacturing and the fast fashion industry,DONATE : Fashion Revolution,https://www.fashionrevolution.org/donate/,other,0.4386363636363636
United Nations Environment Programme,Regulating unethical textile manufacturing and the fast fashion industry,Fashion Revolution Week 2025 : Fashion Revolution,https://www.fashionrevolution.org/frw-25/,other,0.36363636363636365
United Nations Environment Programme,Regulating unethical textile manufacturing and the fast fashion industry,Small But Perfect : Fashion Revolution,http://www.small-but-perfect.com,other,0.5477272727272727
United Nations Environment Programme,Regulating unethical textile manufacturing and the fast fashion industry,Market Insights | Statista,https://www.statista.com/outlook/,other,0.36363636363636365
United Nations Environment Programme,Regulating unethical textile manufacturing and the fast fashion industry,Tripling renewable power and doubling energy efficiency by 2030: Crucial steps towards 1.5°C,https://www.irena.org/Digital-Report/Tripling-renewable-power-and-doubling-energy-efficiency-by-2030,other,0.6181818181818182
United Nations Environment Programme,Regulating unethical textile manufacturing and the fast fashion industry,TAKE ACTION : Fashion Revolution,https://www.fashionrevolution.org/about/take-action2/,other,0.3090909090909091
United Nations Environment Programme,Regulating unethical textile manufacturing and the fast fashion industry,Fashion - India | Statista Market Forecast,https://www.statista.com/outlook/emo/fashion/india,other,0.3977272727272727
United Nations Environment Programme,Regulating unethical textile manufacturing and the fast fashion industry,Fashion - Worldwide | Statista Market Forecast,https://www.statista.com/outlook/emo/fashion/worldwide,other,0.3977272727272727
United Nations Environment Programme,Regulating unethical textile manufacturing and the fast fashion industry,Clean Clothes Campaign | LinkedIn,https://www.linkedin.com/company/clean-clothes-campaign,other,0.5727272727272728
United Nations Environment Programme,Regulating unethical textile manufacturing and the fast fashion industry,Fashion - South Korea | Statista Market Forecast,https://www.statista.com/outlook/emo/fashion/south-korea,other,0.3977272727272727
United Nations Environment Programme,Regulating unethical textile manufacturing and the fast fashion industry,eCommerce | Statista,https://www.statista.com/outlook/ecommerce-outlook,other,0.38863636363636367
Regional Security Council,Combating illegal drug trafficking in the Caribbean,International Drug Policy Consortium (IDPC),https://idpc.net,other,0.48333333333333334
Regional Security Council,Combating illegal drug trafficking in the Caribbean,United Nations Office on Drugs and Crime,https://www.unodc.org/unodc/index.html,other,0.5416666666666666
Regional Security Council,Combating illegal drug trafficking in the Caribbean,International Drug Policy Consortium (IDPC),https://idpc.net/,other,0.48333333333333334
Regional Security Council,Combating illegal drug trafficking in the Caribbean,United Nations Office on Drugs and Crime,https://www.unodc.org,other,0.5416666666666666
Regional Security Council,Combating illegal drug trafficking in the Caribbean,UNODC Crime Prevention - Youth Crime Prevention through Sports (YCP),http://www.unodc.org/crimeprevention/sport,other,0.325
Regional Security Council,Preventing unlawful detentions in East Africa,Reports | African Union,https://au.int/en/reports,other,0.3416666666666667
Regional Security Council,Preventing unlawful detentions in East Africa,Decisions and Declarations | African Union,https://au.int/en/decisions-and-declarations,other,0.35833333333333334
Regional Security Council,Preventing unlawful detentions in East Africa,Home | African Union,http://www.au.int,other,0.45833333333333337
Regional Security Council,Preventing unlawful detentions in East Africa,AU Echo 2024 Edition  | African Union,https://au.int/en/documents/20250214/au-echo-2024-edition,other,0.35
Regional Security Council,Preventing unlawful detentions in East Africa,Home | African Union,https://au.int,other,0.45833333333333337
Regional Security Council,Preventing unlawful detentions in East Africa,Resolution on Africa’s Reparations Agenda and The Human Rights of Africans In the Diaspora and People of African Descent Worldwide - ACHPR/Res.543 (LXXIII) 2022 |  African Commission on Human and Peoples' Rights,https://achpr.au.int/index.php/en/adopted-resolutions/543-resolution-africas-reparations-agenda-and-human-rights-africans,other,0.35
Regional Security Council,Preventing unlawful detentions in East Africa,Accra Proclamation on Reparations | African Union,https://au.int/en/decisions/accra-proclamation-reparations,other,0.55
Regional Security Council,Preventing unlawful detentions in East Africa,African Union Commission End of Term Report 2017-2021 | African Union,https://au.int/en/documents/20210203/african-union-commission-end-term-report-2017-2021,other,0.4166666666666667
Regional Security Council,Preventing unlawful detentions in East Africa,"African Union | An Integrated, Prosperous and Peaceful Africa.",https://au.int/en/summit/38,other,0.48333333333333334
Regional Security Council,Preventing unlawful detentions in East Africa,38th AU Summit Program of Events | African Union,https://au.int/en/documents/20250212/38th-au-summit-program-events,other,0.35
Regional Security Council,Preventing unlawful detentions in East Africa,2001 Durban Racism Conference - Search Results - United Nations Digital Library System,https://digitallibrary.un.org/search?ln=en&p=2001+Durban+Racism+Conference&e=&action_search=Recherche&rm=&ln=fr&sf=&so=d&rg=50&c=United+Nations+Digital+Library+System&of=hb&fti=0&fti=0,UN_organization,0.47500000000000003
Regional Security Council,Preventing unlawful detentions in East Africa,AU THEME OF THE YEAR 2025 | African Union,https://au.int/en/theme/2025,other,0.3833333333333333
Regional Security Council,Preventing unlawful detentions in East Africa,African Union | African Union,https://au.int/en/au,other,0.31666666666666665
Regional Security Council,Preventing unlawful detentions in East Africa,"The Continental Experts’ Workshop on the Restitution of Cultural Property and Heritage Holds at the Museum of Black Civilization in Dakar, Senegal  | African Union",https://au.int/en/pressreleases/20211202/continental-experts-workshop-restitution-cultural-property-and-heritage-holds,other,0.4166666666666667
Regional Security Council,Preventing unlawful detentions in East Africa,Documents | African Union,https://au.int/en/documents-62,other,0.3833333333333333
Third Committee,Upholding the international criminal justice system for public safety,"Judgments, Advisory Opinions and Orders | INTERNATIONAL COURT OF JUSTICE",https://www.icj-cij.org/decisions,other,0.4181818181818182
Third Committee,Upholding the international criminal justice system for public safety,"Obligations of Israel in relation to the Presence and Activities of the United Nations, Other International Or",https://www.icj-cij.org/case/196,other,0.5136363636363637
Third Committee,Upholding the international criminal justice system for public safety,Home | INTERNATIONAL COURT OF JUSTICE,https://www.icj-cij.org/home,other,0.5431818181818182
Third Committee,Fostering the advancement of women within education,Inside the crisis you don’t see: How war impacts women’s mental health | UN Women – Headquarters,https://www.unwomen.org/en/articles/explainer/inside-the-crisis-you-dont-see-how-war-impacts-womens-mental-health,other,0.42500000000000004
Third Committee,Fostering the advancement of women within education,About UN Women | UN Women – Headquarters,https://www.unwomen.org/en/about-us/about-un-women,other,0.6000000000000001
Third Committee,Fostering the advancement of women within education,One in four countries report backlash on women’s rights in 2024 | UN Women – Headquarters,https://www.unwomen.org/en/news-stories/press-release/2025/03/one-in-four-countries-report-backlash-on-womens-rights-in-2024,other,0.45
Third Committee,Fostering the advancement of women within education,Girls' Education Overview,https://www.worldbank.org/en/topic/girlseducation,other,0.5249999999999999
Third Committee,Fostering the advancement of women within education,"Thirty years of the Beijing Declaration and Platform for Action: Achieving gender equality, the rights and empowerment of women and girls | UN Women – Headquarters",https://www.unwomen.org/en/news-stories/news/2024/09/thirty-years-of-the-beijing-declaration-and-platform-for-action,other,0.5249999999999999
Third Committee,Fostering the advancement of women within education,Girls Get Equal |  Plan International,https://plan-international.org/campaigns/girls-get-equal/,other,0.55
Third Committee,Fostering the advancement of women within education,Violence against children,https://www.who.int/news-room/fact-sheets/detail/violence-against-children,UN_organization,0.4
Third Committee,Fostering the advancement of women within education,Comprehensive sexuality education |  Plan International,https://plan-international.org/srhr/comprehensive-sexuality-education/,other,0.5
Third Committee,Fostering the advancement of women within education,Women’s rights in review 30 years after Beijing | Publication | UN Women – Headquarters,https://www.unwomen.org/en/digital-library/publications/2025/03/womens-rights-in-review-30-years-after-beijing,other,0.325
Third Committee,Fostering the advancement of women within education,This is the Future Girls Want |  Plan International,https://plan-international.org/campaigns/future-girls-want/,other,0.30000000000000004
Third Committee,Fostering the advancement of women within education,World Conferences on Women | UN Women – Headquarters,https://www.unwomen.org/en/how-we-work/intergovernmental-support/world-conferences-on-women,other,0.6000000000000001
Third Committee,Fostering the advancement of women within education,Never backing down: Women march forward for equal rights  | UN Women – Headquarters,https://www.unwomen.org/en/articles/timeline/never-backing-down-women-march-forward-for-equal-rights,other,0.375
Third Committee,Fostering the advancement of women within education,Because I am a Girl |  Plan International,https://plan-international.org/how-we-work/because-i-am-a-girl/,other,0.325
Third Committee,Fostering the advancement of women within education,"Fourth World Conference on Women, Beijing 1995",https://www.un.org/womenwatch/daw/beijing/platform/poverty.htm,UN_organization,0.675
Third Committee,Fostering the advancement of women within education,"Facts and figures: Women, peace, and security | UN Women – Headquarters",https://www.unwomen.org/en/articles/facts-and-figures/facts-and-figures-women-peace-and-security,other,0.625
Third Committee,Fostering the advancement of women within education,News |  Plan International,https://plan-international.org/news/,other,0.35
Third Committee,Fostering the advancement of women within education,Publications |  Plan International,https://plan-international.org/publications/,other,0.4
Third Committee,Fostering the advancement of women within education,"Fourth World Conference on Women, Beijing 1995",https://www.un.org/womenwatch/daw/beijing/fwcwn.html,UN_organization,0.3
Third Committee,Fostering the advancement of women within education,X Terms of Service,https://twitter.com/tos,other,0.375
Third Committee,Fostering the advancement of women within education,5 girls’ rights under threat in 2025 |  Plan International,https://plan-international.org/case-studies/5-girls-rights-under-threat-in-2025/,other,0.325
Third Committee,Fostering the advancement of women within education,Explore our latest news | UN Women – Headquarters,https://www.unwomen.org/en/news-stories,other,0.45
Third Committee,Fostering the advancement of women within education,Mental health in emergencies,https://www.who.int/news-room/fact-sheets/detail/mental-health-in-emergencies,UN_organization,0.35
Third Committee,Fostering the advancement of women within education,"United Nations | Peace, dignity and equality on a healthy planet",https://www.un.org/en/,UN_organization,0.35
Third Committee,Fostering the advancement of women within education,This is the Future Girls Want |  Plan International,https://plan-international.org/future-girls-want,other,0.30000000000000004
Third Committee,Fostering the advancement of women within education,Lessons from the rubble: Simple truths from monster earthquakes |  Plan International,https://plan-international.org/blog/2025/03/28/lessons-from-the-rubble-simple-truths-from-monster-earthquakes/,other,0.325
Third Committee,Fostering the advancement of women within education,Speech: A gender-equal world is within our reach if we choose it | UN Women – Headquarters,https://www.unwomen.org/en/news-stories/speech/2024/09/speech-a-gender-equal-world-is-within-our-reach-if-we-choose-it,other,0.5
Third Committee,Affirming the rights of communities displaced by violence,Terminations of USAID and State Department Programs: Massive Impact for IRC Clients | International Rescue Committee (IRC),https://www.rescue.org/press-release/terminations-usaid-and-state-department-programs-massive-impact-irc-clients,NGO,0.3416666666666667
Third Committee,Affirming the rights of communities displaced by violence,Latest | International Rescue Committee (IRC),https://www.rescue.org/latest,NGO,0.30000000000000004
Third Committee,Affirming the rights of communities displaced by violence,Home Page - Qatar Fund For Development,https://www.qatarfund.org.qa/,other,0.6666666666666667
Third Committee,Affirming the rights of communities displaced by violence,International Rescue Committee | International Rescue Committee (IRC),https://www.rescue.org,NGO,0.38333333333333336
Third Committee,Affirming the rights of communities displaced by violence,Myanmar Earthquake: IRC Teams Report Unprecedented Destruction | International Rescue Committee (IRC),https://www.rescue.org/press-release/myanmar-earthquake-irc-teams-report-unprecedented-destruction,NGO,0.3416666666666667
Third Committee,Affirming the rights of communities displaced by violence,A decade of war: 10 voices from Yemen | International Rescue Committee (IRC),https://www.rescue.org/article/decade-war-10-voices-yemen,NGO,0.4083333333333333
Third Committee,Affirming the rights of communities displaced by violence,Myanmar earthquake: What’s happening and how to help?,https://www.rescue.org/article/myanmar-earthquake-whats-happening-and-how-help?form=myanmar&ms=ws_article_myanmar_mmus_mar&initialms=ws_article_myanmar_mmus_mar,NGO,0.4833333333333334
Third Committee,Affirming the rights of communities displaced by violence,U.S. aid cuts put millions in peril | International Rescue Committee (IRC),https://www.rescue.org/article/us-aid-cuts-put-millions-peril,NGO,0.45
Third Committee,Affirming the rights of communities displaced by violence,Situation Syria Regional Refugee Response,https://data.unhcr.org/en/situations/syria/location/53,UN_organization,0.43333333333333335
Third Committee,Affirming the rights of communities displaced by violence,Myanmar earthquake: What’s happening and how to help?,https://www.rescue.org/article/myanmar-earthquake-whats-happening-and-how-help,NGO,0.4833333333333334
Third Committee,Affirming the rights of communities displaced by violence,International Rescue Committee | International Rescue Committee (IRC),https://www.rescue.org/?form=myanmar&ms=ws_hero_fy25_myanmar_mmus_mar&initialms=ws_hero_fy25_myanmar_mmus_mar,NGO,0.38333333333333336
Crisis,The Meiji Restoration,Car History Timeline: From 3-Wheeled Buggies to Self-Driving Vehicles | HISTORY,https://www.history.com/articles/car-history-timeline,other,0.375
Crisis,The Meiji Restoration,"Great Depression: Causes, Definition & Dates | HISTORY",https://www.history.com/topics/great-depression,other,0.4
Crisis,The Meiji Restoration,"World War II: Summary, Combatants & Facts | HISTORY",https://www.history.com/topics/world-war-ii/world-war-ii-history,other,0.4
Crisis,The Meiji Restoration,Inventions and Science: Ideas and Inventors | HISTORY,https://www.history.com/topics/inventions,other,0.4
Crisis,The Meiji Restoration,How FDR's 'Fireside Chats' Helped Calm a Nation in Crisis | HISTORY,https://www.history.com/articles/fdr-fireside-chats-great-depression-world-war-ii,other,0.375
Crisis,The Meiji Restoration,Quartz,https://qz.com,other,0.35000000000000003
Crisis,The Meiji Restoration,How Warning Labels Helped Lead to a Crackdown on Smoking | HISTORY,https://www.history.com/articles/cigarette-warning-labels-smoking,other,0.4
Crisis,The Meiji Restoration,"Sept. 23, 1889: Success Is in the Cards for Nintendo | WIRED",https://www.wired.com/2010/09/0923nintendo-founded/,other,0.32499999999999996
Crisis,The Meiji Restoration,History.com Editors | HISTORY,https://www.history.com/authors/history,other,0.375
Crisis,The Meiji Restoration,"The Nintendo They've Tried to Forget: Gambling, Gangsters, and Love Hotels",https://kotaku.com/5784314/the-nintendo-theyve-tried-to-forget-gambling-gangsters-and-love-hotels,other,0.5249999999999999
Crisis,The Meiji Restoration,Was 1968 America’s Bloodiest Year in Politics? | HISTORY,https://www.history.com/articles/1968-political-violence,other,0.35000000000000003
Crisis,The Meiji Restoration,5 Causes of the Great Depression | HISTORY,https://www.history.com/articles/great-depression-causes,other,0.375
Crisis,The Meiji Restoration,How the Dust Bowl Made Americans Refugees in Their Own Country | HISTORY,https://www.history.com/articles/dust-bowl-migrants-california,other,0.4
Crisis,The Meiji Restoration,1960s: Counterculture and Civil Rights Movement | HISTORY,https://www.history.com/topics/1960s,other,0.4
Crisis,The Meiji Restoration,"Great Depression: Black Thursday, Facts & Effects",https://www.history.com/topics/great-depression/great-depression-history,other,0.4
First Committee,Regulating the use of private military contractors in conflict zones,EU retaliates against Trump tariffs with €26bn ‘countermeasures’ | Trump tariffs | The Guardian,https://www.theguardian.com/us-news/2025/mar/12/eu-retaliates-against-trump-tariffs-with-26bn-countermeasures,news_outlet,0.45
First Committee,Regulating the use of private military contractors in conflict zones,Romania: Dangerous Rollback of Reproductive Rights | Human Rights Watch,https://www.hrw.org/news/2025/04/07/romania-dangerous-rollback-reproductive-rights,NGO,0.4
First Committee,Regulating the use of private military contractors in conflict zones,"General Assembly Designates 7 April International Day of Reflection on 1994 Genocide against Tutsi in Rwanda, Amending Title of Annual Observance | Meetings Coverage and Press Releases",https://www.un.org/press/en/2018/ga12000.doc.htm,UN_organization,0.3
First Committee,Regulating the use of private military contractors in conflict zones,Célébrations de la 1ère Journée mondiale des glaciers et de la Journée mondiale de l'eau à Paris | International Year of Glaciers’ Preservation,https://www.un-glaciers.org/fr/world-day-glaciers-paris?hub=195,other,0.3
First Committee,Regulating the use of private military contractors in conflict zones,Property articles by og | United Nations,https://www.un.org/en/property-cards-by-og-global-category/287/9445,UN_organization,0.4
First Committee,Regulating the use of private military contractors in conflict zones,Which Trump-supporting billionaires have lost the most in tariff markets turmoil? | Trump tariffs | The Guardian,https://www.theguardian.com/us-news/2025/apr/07/stock-market-loss-elon-musk-mark-zuckerberg-jeff-bezos,news_outlet,0.35000000000000003
First Committee,Regulating the use of private military contractors in conflict zones,Stop attacks on young human rights defenders in the Philippines  - Amnesty Philippines,https://www.amnesty.org.ph/2024/10/stop-attacks-on-young-hrds-in-the-philippines/,NGO,0.425
First Committee,Regulating the use of private military contractors in conflict zones,Donate to Defend Human Rights | Human Rights Watch,https://donate.hrw.org/page/107245/donate/1?ea.tracking.id=EP2022EVpgdonate&promo_id=1000,NGO,0.35000000000000003
First Committee,Regulating the use of private military contractors in conflict zones,Water and Peace | UN-Water,https://www.unwater.org/water-facts/water-and-peace,other,0.3
First Committee,Regulating the use of private military contractors in conflict zones,Romania: Dangerous Rollback of Reproductive Rights | Human Rights Watch | Text Version,https://text.hrw.org/news/2025/04/07/romania-dangerous-rollback-reproductive-rights,NGO,0.375
First Committee,Regulating the use of private military contractors in conflict zones,Israel Gaza war | Latest News & Updates | BBC News,https://www.bbc.com/news/topics/c2vdnvdg6xxt,news_outlet,0.375
First Committee,Regulating the use of private military contractors in conflict zones,Chilling effect of online harassment in Philippines,https://www.amnesty.org/en/latest/news/2025/04/philippines-state-sponsored-online-harassment-has-chilling-effect-on-young-human-rights-defenders/,NGO,0.4
First Committee,Regulating the use of private military contractors in conflict zones,World Water Day | United Nations,https://www.un.org/en/observances/water-day,UN_organization,0.30000000000000004
First Committee,Regulating the use of private military contractors in conflict zones,Giorgia Meloni | The Guardian,https://www.theguardian.com/world/giorgia-meloni,news_outlet,0.325
First Committee,Regulating the use of private military contractors in conflict zones,Human Rights Watch | Defending Human Rights Worldwide,https://www.hrw.org/,NGO,0.6000000000000001
First Committee,Regulating the use of private military contractors in conflict zones,European markets slump as Trump says ‘you have to take medicine’ | Trump tariffs | The Guardian,https://www.theguardian.com/us-news/2025/apr/07/asian-share-markets-nikkei-kospi-asx-stocks-routed-early-trading-trump-tariffs,news_outlet,0.30000000000000004
First Committee,Regulating the use of private military contractors in conflict zones,Human Rights | United Nations,https://www.un.org/en/global-issues/human-rights,UN_organization,0.5
First Committee,Regulating the use of private military contractors in conflict zones,Trump tariffs come into effect in ‘seismic’ shift to global trade | Trump tariffs | The Guardian,https://www.theguardian.com/us-news/2025/apr/05/trump-tariffs-come-into-effect-in-seismic-shift-to-global-trade,news_outlet,0.325
First Committee,Regulating the use of private military contractors in conflict zones,Célébrations de la 1ère Journée mondiale des glaciers et de la Journée mondiale de l'eau à Paris | International Year of Glaciers’ Preservation,https://www.un-glaciers.org/fr/world-day-glaciers-paris,other,0.3
First Committee,Regulating the use of private military contractors in conflict zones,Cryosphere,https://wmo.int/topics/cryosphere,other,0.325
First Committee,Regulating the use of private military contractors in conflict zones,Romania: Dangerous Rollback of Reproductive Rights,https://www.hrw.org/node/390884/printable/print,NGO,0.4
First Committee,Regulating the use of private military contractors in conflict zones,EU urged to put human rights centre stage at first central Asia summit | European Union | The Guardian,https://www.theguardian.com/world/2025/apr/04/eu-urged-to-put-human-rights-centre-stage-at-first-central-asia-summit,news_outlet,0.4
First Committee,Regulating the use of private military contractors in conflict zones,Human Rights Watch | Defending Human Rights Worldwide,https://www.hrw.org,NGO,0.6000000000000001
First Committee,Regulating the use of private military contractors in conflict zones,UN-Water | Be The Change | Be the change you want to see in the world.,https://www.unwater.org/bethechange/,other,0.325
First Committee,Regulating the use of private military contractors in conflict zones,Trump tariffs latest: Trump not considering pausing tariffs despite global turmoil - BBC News,https://www.bbc.com/news/live/ce3qnyr7y94t,news_outlet,0.45
First Committee,Regulating the use of private military contractors in conflict zones,Keir Starmer says he does not accept UK has to choose between US and EU – as it happened | Politics | The Guardian,https://www.theguardian.com/politics/live/2025/feb/03/keir-starmer-europe-brexit-donald-trump-latest-politics-news-updates-live,news_outlet,0.42500000000000004
First Committee,Regulating the use of private military contractors in conflict zones,Special Report on the Ocean and Cryosphere in a Changing Climate —,https://www.ipcc.ch/srocc/,other,0.525
First Committee,Regulating the use of private military contractors in conflict zones,EU offered ‘zero-for-zero’ deal to US weeks before tariff announcement | European Union | The Guardian,https://www.theguardian.com/world/2025/apr/07/eu-offered-zero-for-zero-deal-to-us-weeks-before-tariff-announcement,news_outlet,0.325
First Committee,Regulating the use of private military contractors in conflict zones,US & Canada | Latest News & Updates | BBC News,https://www.bbc.com/news/us-canada,news_outlet,0.4
First Committee,Regulating the use of private military contractors in conflict zones,"United Nations | Peace, dignity and equality on a healthy planet",https://www.un.org/en,UN_organization,0.5
First Committee,Regulating the use of private military contractors in conflict zones,US & Canada | Latest News & Updates | BBC News,https://www.bbc.com/news/world/us_and_canada,news_outlet,0.4
First Committee,Regulating the use of private military contractors in conflict zones,Cryosphere | 世界气象组织,https://wmo.int/zh-hans/node/20441,other,0.30000000000000004
First Committee,Regulating the use of private military contractors in conflict zones,How do you price the risk of ‘economic nuclear winter’? The market hasn’t a clue | Nils Pratley | The Guardian,https://www.theguardian.com/business/nils-pratley-on-finance/2025/apr/07/how-do-you-price-the-risk-of-economic-nuclear-winter-the-stock-market-hasnt-a-clue,news_outlet,0.30000000000000004
First Committee,Regulating the use of private military contractors in conflict zones,EO 70 to end insurgency’s ‘treacherous life cycle’: new AFP Chief | Philippine News Agency,https://www.pna.gov.ph/articles/1090045,other,0.30000000000000004
First Committee,Regulating the use of private military contractors in conflict zones,UN peacekeeping challenged as conflicts and ceasefires grow more complex | UN News,https://news.un.org/en/story/2025/04/1161976,UN_organization,0.4
First Committee,Regulating the use of private military contractors in conflict zones,Starmer to avoid immediate counter-tariffs if Trump puts levies on UK steel | Steel industry | The Guardian,https://www.theguardian.com/business/2025/mar/11/keir-starmer-donald-trump-tariffs-uk-steel-us-canada,news_outlet,0.35000000000000003
First Committee,Regulating the use of private military contractors in conflict zones,Home - BBC News,https://www.bbc.com/news,news_outlet,0.4
First Committee,Regulating the use of private military contractors in conflict zones,Launch of the 1st World Day for Glaciers and pivot event World Water Day in New York | International Year of Glaciers’ Preservation,https://www.un-glaciers.org/en/world-day-glaciers-new-york,other,0.4
First Committee,Regulating the use of private military contractors in conflict zones,Trump tariffs of 25% on steel and aluminium come into effect globally as Europe says it will retaliate – as it happened | Trump tariffs | The Guardian,https://www.theguardian.com/business/live/2025/mar/12/trump-tariffs-steel-aluminium-aluminum-global-europe-business-live,news_outlet,0.425
First Committee,Regulating the use of private military contractors in conflict zones,RightUp is here! - Amnesty Philippines,https://www.amnesty.org.ph/rightup/,NGO,0.30000000000000004
First Committee,Regulating the use of private military contractors in conflict zones,Celebrations of the 1st World Day for Glaciers and World Water Day in Paris | International Year of Glaciers’ Preservation,https://www.un-glaciers.org/en/articles/celebrations-1st-world-day-glaciers-and-world-water-day,other,0.30000000000000004
First Committee,Regulating the use of private military contractors in conflict zones,Lancement de la 1ère Journée mondiale des glaciers et événement pivot de la Journée mondiale de l’eau à New York | International Year of Glaciers’ Preservation,https://www.un-glaciers.org/fr/world-day-glaciers-new-york,other,0.30000000000000004
First Committee,Regulating the use of private military contractors in conflict zones,Human Rights Watch Privacy Policy | Human Rights Watch,https://www.hrw.org/privacy-policy,NGO,0.3
First Committee,Regulating the use of private military contractors in conflict zones,Trump announces 25% tariffs on foreign steel and aluminum | Trump administration | The Guardian,https://www.theguardian.com/us-news/2025/feb/10/trump-steel-aluminum-tariffs,news_outlet,0.325
First Committee,Regulating the use of private military contractors in conflict zones,Donald Trump says he is not looking at pausing tariffs as US markets close after rocky day – business live | Business | The Guardian,https://www.theguardian.com/business/blog/live/2025/apr/07/global-stock-markets-brace-donald-trump-us-tariffs-business-live-updates-news,news_outlet,0.35000000000000003
First Committee,Regulating the use of private military contractors in conflict zones,Filipino authorities are using Facebook to target young activists,https://www.amnesty.org/en/latest/news/2024/10/philippines-authorities-using-facebook-to-red-tag-young-activists/,NGO,0.32499999999999996
First Committee,Regulating the use of private military contractors in conflict zones,"Latest news, sport and opinion from the Guardian",https://www.theguardian.com/international,news_outlet,0.375
First Committee,Regulating the use of private military contractors in conflict zones,Trump says US in direct talks with Iran over nuclear program as he holds Oval Office meeting with Netanyahu – US politics live | Donald Trump | The Guardian,https://www.theguardian.com/us-news/live/2025/apr/07/donald-trump-tariffs-foreign-governments-markets-fall-netanyahu-white-house-us-politics-latest-updates-news,news_outlet,0.4
First Committee,Combating the rise of extremist groups in the Sahel,"Support Vital for Myanmar’s Quake Victims, Despite Military Obstacles | Crisis Group",https://www.crisisgroup.org/asia/south-east-asia/myanmar/support-vital-myanmars-quake-victims-despite-military-obstacles?utm_source=facebook&utm_medium=social,other,0.5
First Committee,Combating the rise of extremist groups in the Sahel,A Glimmer of Peace in Syria’s North East | Crisis Group,https://www.crisisgroup.org/middle-east-north-africa/east-mediterranean-mena/syria-iraq-turkiye-united-states/glimmer-peace-syrias-north-east,other,0.5083333333333334
First Committee,Combating the rise of extremist groups in the Sahel,Latest Updates | Crisis Group,https://www.crisisgroup.org/taxonomy/term/189,other,0.30833333333333335
First Committee,Combating the rise of extremist groups in the Sahel,Latest Updates | Crisis Group,https://www.crisisgroup.org/taxonomy/term/2749,other,0.33333333333333337
First Committee,Combating the rise of extremist groups in the Sahel,"Support Vital for Myanmar’s Quake Victims, Despite Military Obstacles | Crisis Group",https://www.crisisgroup.org/asia/south-east-asia/myanmar/support-vital-myanmars-quake-victims-despite-military-obstacles,other,0.5
First Committee,Combating the rise of extremist groups in the Sahel,Crisis Group,https://www.crisisgroup.org,other,0.4
First Committee,Combating the rise of extremist groups in the Sahel,A Glimmer of Peace in Syria’s North East | Crisis Group,https://www.crisisgroup.org/middle-east-north-africa/east-mediterranean-mena/syria-iraq-turkiye-united-states/glimmer-peace-syrias-north-east?utm_source=facebook&utm_medium=social,other,0.5083333333333334
First Committee,Combating the rise of extremist groups in the Sahel,Middle East & North Africa | Crisis Group,https://www.crisisgroup.org/middle-east-north-africa,other,0.38333333333333336
First Committee,Combating the rise of extremist groups in the Sahel,Asia | Crisis Group,https://www.crisisgroup.org/asia,other,0.33333333333333337
First Committee,Combating the rise of extremist groups in the Sahel,Myanmar | Crisis Group,https://www.crisisgroup.org/asia/south-east-asia/myanmar,other,0.475
First Committee,Creating systems to protect against state-sponsored cyber attacks,Africa must shun Trump’s push to resurrect coal | Climate Crisis | Al Jazeera,https://www.aljazeera.com/opinions/2025/4/7/africa-must-shun-trumps-push-to-resurrect-coal?traffic_source=KeepReading,news_outlet,0.4083333333333333
First Committee,Creating systems to protect against state-sponsored cyber attacks,RightsCon | LinkedIn,https://www.linkedin.com/company/rightscon,other,0.5416666666666667
First Committee,Creating systems to protect against state-sponsored cyber attacks,Cyprus recovers at least seven bodies after refugee boat capsizes | Migration News | Al Jazeera,https://www.aljazeera.com/news/2025/3/17/cyprus-recovers-at-least-seven-bodies-after-refugee-boat-capsizes?traffic_source=KeepReading,news_outlet,0.3166666666666667
First Committee,Creating systems to protect against state-sponsored cyber attacks,Access Now - Access Now,https://www.accessnow.org,other,0.38333333333333336
First Committee,Creating systems to protect against state-sponsored cyber attacks,"Targeted, killed, burned alive: Journalists in Gaza attacked by Israel | Gaza | Al Jazeera",https://www.aljazeera.com/features/2025/4/7/targeted-killed-burned-alive-journalists-in-gaza-attacked-by-israel?traffic_source=KeepReading,news_outlet,0.38333333333333336
First Committee,Creating systems to protect against state-sponsored cyber attacks,EU offers zero tariff deal to US but prepares for trade war | International Trade News | Al Jazeera,https://www.aljazeera.com/news/2025/4/7/eu-offers-zero-tariff-deal-to-us-but-prepares-for-trade-war?traffic_source=KeepReading,news_outlet,0.3166666666666667
First Committee,Creating systems to protect against state-sponsored cyber attacks,About Us - Access Now,https://www.accessnow.org/about-us/,other,0.43333333333333335
First Committee,Creating systems to protect against state-sponsored cyber attacks,Risk of long-feared regional war rises as Israel and Iran swap threats | Israel-Palestine conflict News | Al Jazeera,https://www.aljazeera.com/news/2024/10/2/risk-of-long-feared-regional-war-rises-as-israel-and-iran-swap-threats?traffic_source=KeepReading,news_outlet,0.3416666666666667
First Committee,Creating systems to protect against state-sponsored cyber attacks,"Dominican Republic says will expel up to 10,000 Haitian migrants a week | Migration News | Al Jazeera",https://www.aljazeera.com/news/2024/10/3/dominican-republic-says-will-expel-up-to-10000-haitian-migrants-a-week?traffic_source=KeepReading,news_outlet,0.38333333333333336
First Committee,Creating systems to protect against state-sponsored cyber attacks,List of Grantees - Access Now,https://accessnow.demo.cshp.co/grants/full-list-of-grantees/,other,0.3166666666666667
First Committee,Creating systems to protect against state-sponsored cyber attacks,Greek asylum policies creating refugee hunger crisis: Aid groups | Refugees News | Al Jazeera,https://www.aljazeera.com/news/2021/12/3/greece-welcomes-refugees-to-camp-hunger,news_outlet,0.38333333333333336
First Committee,Creating systems to protect against state-sponsored cyber attacks,Digital Rights In The Covid-19 Fight - Access Now,https://www.accessnow.org/issue/covid-19/,other,0.3166666666666667
First Committee,Creating systems to protect against state-sponsored cyber attacks,Content Governance - Access Now,https://www.accessnow.org/issue/content-governance/,other,0.38333333333333336
First Committee,Creating systems to protect against state-sponsored cyber attacks,List of Grantees - Access Now,https://www.accessnow.org/grants/full-list-of-grantees/,other,0.3166666666666667
First Committee,Creating systems to protect against state-sponsored cyber attacks,How did Israel kill the Red Crescent medics in Gaza? | Israel-Palestine conflict | Al Jazeera,https://www.aljazeera.com/features/2025/4/1/rescue-workers-israel-killed-found-in-mass-grave-in-gaza-what-to-know?traffic_source=KeepReading,news_outlet,0.33333333333333337
First Committee,Creating systems to protect against state-sponsored cyber attacks,"Staying safe, secure, and healthy at RightsCon 2025 | RightsCon Summit Series",https://www.rightscon.org/health-safety/,other,0.5750000000000001
First Committee,Creating systems to protect against state-sponsored cyber attacks,Palestinian Bedouins say Israeli settlers terrorising them off their land | Israel-Palestine conflict News | Al Jazeera,https://www.aljazeera.com/news/2025/4/7/palestinian-bedouins-say-israeli-settlers-terrorising-them-off-their-land?traffic_source=KeepReading,news_outlet,0.425
First Committee,Creating systems to protect against state-sponsored cyber attacks,Connectivity - Access Now,https://www.accessnow.org/issue/connectivity/,other,0.3166666666666667
First Committee,Creating systems to protect against state-sponsored cyber attacks,Red Crescent demands international probe into Israel killing of Gaza medics | Gaza News | Al Jazeera,https://www.aljazeera.com/news/2025/4/7/red-crescent-demands-international-probe-into-israel-killing-of-gaza-medics,news_outlet,0.3166666666666667
First Committee,Creating systems to protect against state-sponsored cyber attacks,Gang recruitment of children in Haiti rises by 70 percent: UN | Child Rights News | Al Jazeera,https://www.aljazeera.com/news/2024/11/25/gang-recruitment-of-haitian-children-soars-by-70-percent-un?traffic_source=KeepReading,news_outlet,0.45833333333333337
First Committee,Creating systems to protect against state-sponsored cyber attacks,Artificial Intelligence - Access Now,https://www.accessnow.org/issue/artificial-intelligence/,other,0.5666666666666667
First Committee,Creating systems to protect against state-sponsored cyber attacks,Home | RightsCon Summit Series,https://www.rightscon.org/,other,0.38333333333333336
First Committee,Creating systems to protect against state-sponsored cyber attacks,Our Work - Access Now,https://www.accessnow.org/our-work/,other,0.45
First Committee,Creating systems to protect against state-sponsored cyber attacks,PLATEFORME D’ASSISTANCE POUR LA SECURITÉ NUMERIQUE - Access Now,https://www.accessnow.org/help-fr/?ignorelocale,other,0.3416666666666667
First Committee,Creating systems to protect against state-sponsored cyber attacks,What did Al Jazeera’s investigation into Israeli war crimes in Gaza reveal? | Israel-Palestine conflict News | Al Jazeera,https://www.aljazeera.com/news/2024/10/3/what-did-al-jazeeras-investigation-into-israeli-war-crimes-in-gaza-reveal,news_outlet,0.3166666666666667
First Committee,Creating systems to protect against state-sponsored cyber attacks,"Israel destroyed my university, but not my desire for an education | Israel-Palestine conflict | Al Jazeera",https://www.aljazeera.com/opinions/2024/10/2/israel-destroyed-my-university-but-not-my-desire-for-an-education?traffic_source=KeepReading,news_outlet,0.3416666666666667
First Committee,Creating systems to protect against state-sponsored cyber attacks,EU offers zero tariff deal to US but prepares for trade war | International Trade News | Al Jazeera,https://www.aljazeera.com/news/2025/4/7/eu-offers-zero-tariff-deal-to-us-but-prepares-for-trade-war,news_outlet,0.3166666666666667
First Committee,Creating systems to protect against state-sponsored cyber attacks,How did Israel kill the Red Crescent medics in Gaza? | Israel-Palestine conflict | Al Jazeera,https://www.aljazeera.com/features/2025/4/1/rescue-workers-israel-killed-found-in-mass-grave-in-gaza-what-to-know,news_outlet,0.33333333333333337
First Committee,Creating systems to protect against state-sponsored cyber attacks,DIGITAL SECURITY HELPLINE - Access Now,https://www.accessnow.org/help/,other,0.5166666666666667
First Committee,Creating systems to protect against state-sponsored cyber attacks,Access Now Grants - Access Now,https://www.accessnow.org/grants/,other,0.5416666666666667
Fourth Committee,Preventing the militarization of outer space,News | Secure World,https://www.swfound.org/news/,other,0.5071428571428571
Fourth Committee,Preventing the militarization of outer space,UNOOSA,https://www.unoosa.org/oosa/index.html,other,0.5571428571428572
Fourth Committee,Preventing the militarization of outer space,Our Offices | Secure World,https://www.swfound.org/about-us/where-we-work,other,0.5071428571428571
Fourth Committee,Preventing the militarization of outer space,News | Secure World,https://www.swfound.org/news/all-news/,other,0.5071428571428571
Fourth Committee,Preventing the militarization of outer space,Promoting Cooperative Solutions for Space Sustainability | Secure World,https://www.swfound.org/,other,0.5071428571428571
Fourth Committee,Preventing the militarization of outer space,UNOOSA,https://www.unoosa.org,other,0.5571428571428572
Fourth Committee,Preventing the militarization of outer space,Promoting Cooperative Solutions for Space Sustainability | Secure World,https://www.swfound.org,other,0.5071428571428571
Fourth Committee,Ensuring the rights and safety of indigenous populations,Secretary-Generalâs Initiative on Action for Peacekeeping,https://www.un.org/en/A4P/,UN_organization,0.6
Fourth Committee,Ensuring the rights and safety of indigenous populations,4th International Conference on Financing for Development,https://financing.desa.un.org/ffd4,UN_organization,0.375
Fourth Committee,Ensuring the rights and safety of indigenous populations,Our Work | United Nations,https://www.un.org/en/our-work,UN_organization,0.4
Fourth Committee,Ensuring the rights and safety of indigenous populations,Reduce inequality within and among countries - United Nations Sustainable Development,https://www.un.org/sustainabledevelopment/inequality/,UN_organization,0.33333333333333337
Fourth Committee,Ensuring the rights and safety of indigenous populations,Convention on the Rights of Persons with Disabilities - Articles | Division for Inclusive Social Development (DISD),https://www.un.org/development/desa/disabilities/convention-on-the-rights-of-persons-with-disabilities/convention-on-the-rights-of-persons-with-disabilities-2.html,UN_organization,0.43333333333333335
Fourth Committee,Ensuring the rights and safety of indigenous populations,About Us | United Nations,https://www.un.org/en/about-us,UN_organization,0.4
Fourth Committee,Ensuring the rights and safety of indigenous populations,Growth in United Nations membership | United Nations,https://www.un.org/en/about-us/growth-in-un-membership,UN_organization,0.4
Fourth Committee,Ensuring the rights and safety of indigenous populations,Economic Growth - United Nations Sustainable Development,https://www.un.org/sustainabledevelopment/economic-growth/,UN_organization,0.4666666666666667
Fourth Committee,Ensuring the rights and safety of indigenous populations,Education - United Nations Sustainable Development,https://www.un.org/sustainabledevelopment/education/,UN_organization,0.4
Fourth Committee,Ensuring the rights and safety of indigenous populations,Member States | United Nations,https://www.un.org/en/about-us/member-states,UN_organization,0.4
Fourth Committee,Ensuring the rights and safety of indigenous populations,UN Charter | United Nations,https://www.un.org/en/about-us/un-charter,UN_organization,0.4
Fourth Committee,Ensuring the rights and safety of indigenous populations,A to Z Site Index | United Nations,https://www.un.org/en/sections/about-website/z-site-index/index.html,UN_organization,0.6666666666666667
Fourth Committee,Ensuring the rights and safety of indigenous populations,Action for Peacekeeping (A4P) | United Nations Peacekeeping,https://peacekeeping.un.org/en/action-for-peacekeeping-a4p,UN_organization,0.4
Fourth Committee,Ensuring the rights and safety of indigenous populations,United Nations DESA Programme on Indigenous Peoples | Division for Inclusive Social Development (DISD),https://www.un.org/development/desa/indigenouspeoples/,UN_organization,0.45
Fourth Committee,Ensuring the rights and safety of indigenous populations,About Us | United Nations,https://www.un.org/about-us,UN_organization,0.4
United Nations Development Programme,Guaranteeing nutritional food sources,Home | Food and Agriculture Organization of the United Nations,https://www.fao.org,other,0.5750000000000001
United Nations Development Programme,Guaranteeing nutritional food sources,Meta Terms of Service,https://www.facebook.com/legal/terms/update,other,0.3
International Maritime Organization,Addressing illegal unreported and unregulated fishing,Environmental Defense Fund - Building a vital Earth for everyone,https://www.edf.org,other,0.3023809523809524
International Maritime Organization,Discussing the use of maritime autonomous surface ships MASS,ITU: Committed to connecting the world,https://www.itu.int/en/Pages/default.aspx,other,0.3378787878787879
International Maritime Organization,Discussing the use of maritime autonomous surface ships MASS,AUSTRALIA | International Chamber of Shipping,https://www.ics-shipping.org/organisation/maritime-industry-australia-ltd-mial/,other,0.4174242424242425
International Maritime Organization,Discussing the use of maritime autonomous surface ships MASS,"Maritime Safety Committee (MSC 107), 31 May-9 June 2023",https://www.imo.org/en/MediaCentre/MeetingSummaries/Pages/MSC-107th-session.aspx,other,0.8909090909090909
International Maritime Organization,Discussing the use of maritime autonomous surface ships MASS,"IMO takes action on seafarers’ rights, substandard shipping",https://www.imo.org/en/MediaCentre/PressBriefings/pages/IMO-takes-action-on-seafarers-rights-substandard-shipping.aspx,other,0.509090909090909
International Maritime Organization,Discussing the use of maritime autonomous surface ships MASS,About ICS | International Chamber of Shipping,https://www.ics-shipping.org/about-ics/,other,0.4340909090909091
International Maritime Organization,Discussing the use of maritime autonomous surface ships MASS,BAHAMAS | International Chamber of Shipping,https://www.ics-shipping.org/organisation/bahamas-shipowners-association/,other,0.31287878787878787
International Maritime Organization,Discussing the use of maritime autonomous surface ships MASS,The Principal Regulations Governing Maritime Safety | International Chamber of Shipping,https://www.ics-shipping.org/shipping-fact/safety-and-regulation-the-principal-regulations-governing-maritime-safety-old-link/,other,0.5681818181818182
International Maritime Organization,Discussing the use of maritime autonomous surface ships MASS,International Chamber of Shipping – Shaping the future of shipping,https://www.ics-shipping.org,other,0.4590909090909091
International Maritime Organization,Discussing the use of maritime autonomous surface ships MASS,IMO/ILO work on seafarer issues,https://www.imo.org/en/OurWork/Legal/Pages/JointIMOILOWorkingGroupsOnSeafarerIssues.aspx,other,0.4545454545454546
International Maritime Organization,Discussing the use of maritime autonomous surface ships MASS,Supporting shipping | International Chamber of Shipping,https://www.ics-shipping.org/supporting-shipping/,other,0.3795454545454546
International Maritime Organization,Discussing the use of maritime autonomous surface ships MASS,"International Convention on Standards of Training, Certification and Watchkeeping for Seafarers, 1978",https://www.imo.org/en/OurWork/HumanElement/Pages/STCW-Convention.aspx,other,0.4636363636363636
International Maritime Organization,Discussing the use of maritime autonomous surface ships MASS,International Maritime Organization,https://www.imo.org,other,0.5386363636363637
International Maritime Organization,Discussing the use of maritime autonomous surface ships MASS,African aviation leaders establish digital transformation and regional connectivity as key priorities for air transport development,https://www.icao.int/Newsroom/Pages/African-aviation-leaders-establish-digital-transformation-regional-connectivity-key-priorities-air-transport-development.aspx,other,0.3378787878787879
International Maritime Organization,Discussing the use of maritime autonomous surface ships MASS,ILO/IMO Joint Database on Abandonment of Seafarers,https://wwwex.ilo.org/dyn/r/abandonment/seafarers/home,other,0.4045454545454546
International Maritime Organization,Discussing the use of maritime autonomous surface ships MASS,ICS committees | International Chamber of Shipping,https://www.ics-shipping.org/representing-shipping/ics-committees/,other,0.4840909090909091
International Maritime Organization,Discussing the use of maritime autonomous surface ships MASS,About,https://wwwex.ilo.org/dyn/r/abandonment/seafarers/about,other,0.4840909090909091
International Maritime Organization,Discussing the use of maritime autonomous surface ships MASS,World Maritime University | International Chamber of Shipping,https://www.ics-shipping.org/supporting-shipping/world-maritime-university/,other,0.3795454545454546
International Maritime Organization,Discussing the use of maritime autonomous surface ships MASS,International Chamber of Shipping Publications,https://www.ics-shipping.org/publications/,other,0.36742424242424243
International Maritime Organization,Discussing the use of maritime autonomous surface ships MASS,ITU: Committed to connecting the world,https://www.itu.int/en/,other,0.3378787878787879
International Maritime Organization,Discussing the use of maritime autonomous surface ships MASS,BELGIUM | International Chamber of Shipping,https://www.ics-shipping.org/organisation/royal-belgian-shipowners-association/,other,0.4840909090909091
International Maritime Organization,Discussing the use of maritime autonomous surface ships MASS,Industry partners | International Chamber of Shipping,https://www.ics-shipping.org/representing-shipping/partners/,other,0.4840909090909091
International Maritime Organization,Discussing the use of maritime autonomous surface ships MASS,Intergovernmental organisations | International Chamber of Shipping,https://www.ics-shipping.org/representing-shipping/igos/,other,0.5636363636363637
International Maritime Organization,Discussing the use of maritime autonomous surface ships MASS,Submissions | International Chamber of Shipping,https://www.ics-shipping.org/representing-shipping/submissions/,other,0.39242424242424245
International Maritime Organization,Discussing the use of maritime autonomous surface ships MASS,"Convention C188 - Work in Fishing Convention, 2007 (No. 188)",https://normlex.ilo.org/dyn/normlex/en/f?p=NORMLEXPUB:12100:0::NO::P12100_ILO_CODE:C188,other,0.7272727272727273
International Maritime Organization,Discussing the use of maritime autonomous surface ships MASS,WhatsNewNews,https://www.imo.org/en/MediaCentre/Pages/WhatsNew-2192.aspx,other,0.3795454545454546
International Maritime Organization,Discussing the use of maritime autonomous surface ships MASS,"Protect satellite navigation from interference, UN agencies urge",https://www.icao.int/Newsroom/Pages/Protect-satellite-navigation-from-interference-UN-agencies-urge.aspx,other,0.42954545454545456
International Maritime Organization,Discussing the use of maritime autonomous surface ships MASS,Join the conversation | International Chamber of Shipping,https://www.ics-shipping.org/about-ics/join-the-conversation/,other,0.39242424242424245
International Maritime Organization,Discussing the use of maritime autonomous surface ships MASS,"Protect satellite navigation from interference, UN agencies urge",https://www.imo.org/en/MediaCentre/PressBriefings/pages/Joint-IMO-ICAO-ITU-statement-satellite-interference.aspx,other,0.5681818181818182
International Maritime Organization,Discussing the use of maritime autonomous surface ships MASS,COVID-19 | International Chamber of Shipping,https://www.ics-shipping.org/supporting-shipping/covid/,other,0.5386363636363637
International Maritime Organization,Discussing the use of maritime autonomous surface ships MASS,ITU 160th anniversary,https://www.itu.int/160/,other,0.31287878787878787
World Health Organization,Regulation of pandemics and global regulations for lockdowns,Donate to WHO,https://donate.who.foundation/,other,0.44166666666666665
World Health Organization,Regulation of pandemics and global regulations for lockdowns,About National Societies | IFRC,https://www.ifrc.org/national-societies,other,0.375
World Health Organization,Regulation of pandemics and global regulations for lockdowns,‘We observed a moment of silence—but we will not be silent’. | IFRC,https://www.ifrc.org/article/we-observed-moment-silence-we-will-not-be-silent,other,0.325
World Health Organization,Regulation of pandemics and global regulations for lockdowns,World Health Organization (WHO),https://www.who.int/,UN_organization,0.375
World Health Organization,Regulation of pandemics and global regulations for lockdowns,World Water Day 2025: Glacier Preservation and Health,http://pmnch.who.int/news-and-events/events/item/2025/03/22/international-days/world-water-day-2025-glacier-preservation-and-health,UN_organization,0.30000000000000004
World Health Organization,Regulation of pandemics and global regulations for lockdowns,ONE WORLD | Contribute to Global Health,http://www.oneworldhealthforall.org/,other,0.3416666666666667
World Health Organization,Regulation of pandemics and global regulations for lockdowns,Selected citations | Aid Worker Security Database,https://aidworkersecurity.org/citations,other,0.30000000000000004
World Health Organization,Regulation of pandemics and global regulations for lockdowns,International Humanitarian law | IFRC,https://www.ifrc.org/taxonomy/term/2449,other,0.4
World Health Organization,Regulation of pandemics and global regulations for lockdowns,World Health Organization (WHO),https://www.who.int,UN_organization,0.375
World Health Organization,Regulation of pandemics and global regulations for lockdowns,Clinical management of rape and intimate partner violence survivors,https://www.who.int/publications/i/item/9789240001411,UN_organization,0.39166666666666666
World Health Organization,Regulation of pandemics and global regulations for lockdowns,WHO Foundation,https://who.foundation/,other,0.44166666666666665
World Health Organization,Regulation of pandemics and global regulations for lockdowns,News | IFRC,https://www.ifrc.org/news/all,other,0.4666666666666667
World Health Organization,Regulation of pandemics and global regulations for lockdowns,"‘From the Andes to the Amazon’, major climate impacts long after headlines fade | IFRC",https://www.ifrc.org/article/andes-amazon-major-climate-impacts-long-after-headlines-fade,other,0.35000000000000003
World Health Organization,Regulation of pandemics and global regulations for lockdowns,About the IFRC | IFRC,https://www.ifrc.org/who-we-are/about-ifrc,other,0.44166666666666665
World Health Organization,Regulation of pandemics and global regulations for lockdowns,Maternal health,https://www.who.int/health-topics/maternal-health,UN_organization,0.4166666666666667
World Health Organization,Regulation of pandemics and global regulations for lockdowns,Protecting communities from epidemics in Kyrgyzstan’s rural north | IFRC,https://www.ifrc.org/article/protecting-communities-epidemics-kyrgyzstans-rural-north,other,0.30833333333333335
World Health Organization,Regulation of pandemics and global regulations for lockdowns,Reports and briefing papers | Aid Worker Security Database,https://aidworkersecurity.org/reports,other,0.375
World Health Organization,Regulation of pandemics and global regulations for lockdowns,"Clinical management of rape and intimate partner violence in emergencies: a training curriculum for health workers, facilitator guide",https://www.who.int/publications/i/item/9789240100213,UN_organization,0.375
World Health Organization,Regulation of pandemics and global regulations for lockdowns,Homepage | IFRC,https://www.ifrc.org,other,0.4166666666666667
World Health Organization,Regulation of pandemics and global regulations for lockdowns,‘Protect Humanity’ event commemorates humanitarians killed this year | IFRC,https://www.ifrc.org/press-release/protect-humanity-event-commemorates-humanitarians-killed-year,other,0.35000000000000003
World Health Organization,Regulation of pandemics and global regulations for lockdowns,World health Day 2025 - key messages,https://www.who.int/campaigns/world-health-day/2025/key-messages,UN_organization,0.4
World Health Organization,Regulation of pandemics and global regulations for lockdowns,Protection | IFRC,https://www.ifrc.org/taxonomy/term/2329,other,0.4666666666666667
World Health Organization,Regulation of pandemics and global regulations for lockdowns,"More than a third of women experience lasting health problems after childbirth, new research shows",https://www.who.int/news/item/07-12-2023-more-than-a-third-of-women-experience-lasting-health-problems-after-childbirth,UN_organization,0.4666666666666667
World Health Organization,Regulation of pandemics and global regulations for lockdowns,Ways to give donations | Doctors Without Borders - USA,https://www.doctorswithoutborders.org/donate/more-ways-give,other,0.30833333333333335
World Health Organization,Regulation of pandemics and global regulations for lockdowns,Advocacy hub | IFRC,https://www.ifrc.org/advocacy-hub,other,0.4166666666666667
World Health Organization,Regulation of pandemics and global regulations for lockdowns,Newborn health,https://www.who.int/health-topics/newborn-health,UN_organization,0.4666666666666667
World Health Organization,Regulation of pandemics and global regulations for lockdowns,World Health Day 2025,https://www.who.int/campaigns/world-health-day/2025,UN_organization,0.375
World Health Organization,Regulation of pandemics and global regulations for lockdowns,IFRC Governance | IFRC,https://www.ifrc.org/ifrc-governance,other,0.30000000000000004
World Health Organization,Regulation of pandemics and global regulations for lockdowns,"PMNCH -  Partnership for Maternal, Newborn and Child Health",http://pmnch.who.int/,UN_organization,0.35000000000000003
World Health Organization,Regulation of pandemics and global regulations for lockdowns,Events Hub,http://pmnch.who.int/news-and-events/events,UN_organization,0.325
World Health Organization,Regulation of pandemics and global regulations for lockdowns,People and structures | IFRC,https://www.ifrc.org/people-and-structures,other,0.44166666666666665
World Health Organization,Addressing obesity and diet-related diseases,The Obesity Society - Research. Education. Action.,https://www.obesity.org,other,0.775
World Health Organization,Addressing obesity and diet-related diseases,SCOPE | World Obesity Federation,https://www.worldobesity.org/SCOPE,other,0.38333333333333336
World Health Organization,Addressing obesity and diet-related diseases,The ROOTS of Obesity | World Obesity Federation,https://www.worldobesity.org/what-we-do/our-policy-priorities/the-roots-of-obesity,other,0.5833333333333334
World Health Organization,Addressing obesity and diet-related diseases,Childhood Obesity: From Diagnosis to Treatment | World Obesity Federation,https://www.worldobesity.org/training-and-events/scope/e-learning/childhood-obesity-from-diagnosis-to-treatment/,other,0.38333333333333336
World Health Organization,Addressing obesity and diet-related diseases,Free supplementary modules | World Obesity Federation,https://www.worldobesity.org/training-and-events/scope/e-learning/free-supplementary-modules/,other,0.5833333333333334
World Health Organization,Addressing obesity and diet-related diseases,On-Demand Education - The Obesity Society,https://www.obesity.org/meetings-education/on-demand-education/,other,0.5833333333333334
World Health Organization,Addressing obesity and diet-related diseases,Training & Events | World Obesity Federation,https://www.worldobesity.org/training-and-events/,other,0.35833333333333334
World Health Organization,Addressing obesity and diet-related diseases,Core Learning Path | World Obesity Federation,https://www.worldobesity.org/training-and-events/scope/e-learning/core-learning-path/,other,0.38333333333333336
World Health Organization,Addressing obesity and diet-related diseases,World Obesity Federation Global Obesity Observatory,https://data.worldobesity.org/country/afghanistan-1/download/e01ac4796879ed4364cd3a363cea015b/,other,0.35833333333333334
World Health Organization,Addressing obesity and diet-related diseases,World Obesity Federation Global Obesity Observatory,https://data.worldobesity.org/country/afghanistan-1/chartbuilder/?countryid=1&dstypeid=1&agerange=A,other,0.35833333333333334
World Health Organization,Addressing obesity and diet-related diseases,Homepage | World Obesity Federation,https://www.worldobesity.org,other,0.475
World Health Organization,Addressing obesity and diet-related diseases,E-Learning | World Obesity Federation,https://www.worldobesity.org/training-and-events/scope/e-learning/,other,0.48333333333333334
World Health Organization,Addressing obesity and diet-related diseases,Afghanistan - STEPS 2018,https://extranet.who.int/ncdsmicrodata/index.php/catalog/782,UN_organization,0.525
World Health Organization,Addressing obesity and diet-related diseases,CME Pathway Details - American Board of Obesity Medicine,https://www.abom.org/eligibility/,other,0.9500000000000001
World Health Organization,Addressing obesity and diet-related diseases,Medfyle - ObesityWeek®,https://obesityweek.org/attend/bestof/,other,0.375
World Health Organization,Addressing obesity and diet-related diseases,Afghanistan | World Obesity Federation Global Obesity Observatory,https://data.worldobesity.org/country/afghanistan-1/,other,0.6000000000000001
World Health Organization,Addressing obesity and diet-related diseases,World Obesity Federation Global Obesity Observatory,https://data.worldobesity.org/country/afghanistan-1/publications/,other,0.35833333333333334
World Health Organization,Addressing obesity and diet-related diseases,ObesityWeek - Innovative Science to Transformational Care,https://obesityweek.org,other,0.38333333333333336
World Health Organization,Addressing obesity and diet-related diseases,SCOPE | World Obesity Federation,https://www.worldobesity.org/training-and-events/scope/,other,0.38333333333333336
World Health Organization,Addressing obesity and diet-related diseases,World Obesity Federation Global Obesity Observatory,https://data.worldobesity.org/,other,0.35833333333333334
World Health Organization,Treating disease in areas of prolonged conflict,Gaza: The long road home | ICRC,https://www.icrc.org/en/article/gaza-long-road-home,other,0.44166666666666665
World Health Organization,Treating disease in areas of prolonged conflict,Health | ICRC,https://www.icrc.org/en/what-we-do/health,other,0.5333333333333333
World Health Organization,Treating disease in areas of prolonged conflict,Afghanistan: 2024 Operational facts and figures,https://www.icrc.org/en/article/afghanistan-2024-operational-facts-and-figures,other,0.43333333333333335
World Health Organization,Treating disease in areas of prolonged conflict,Physical rehabilitation | ICRC,https://www.icrc.org/en/what-we-do/physical-rehabilitation,other,0.3416666666666667
World Health Organization,Treating disease in areas of prolonged conflict,Myanmar: Response to devastating earthquake | ICRC,https://www.icrc.org/en/article/devastating-earthquake-myanmar-icrc-responds-help-people-ground,other,0.5166666666666666
World Health Organization,Treating disease in areas of prolonged conflict,Privacy policy | International Committee of the Red Cross,https://www.icrc.org/en/information-notice,other,0.3916666666666667
World Health Organization,Treating disease in areas of prolonged conflict,Israel and the occupied territories | ICRC,https://www.icrc.org/en/where-we-work/israel-and-occupied-territories,other,0.35833333333333334
World Health Organization,Treating disease in areas of prolonged conflict,ICRC | International Committee of the Red Cross,https://www.icrc.org,other,0.3333333333333333
World Health Organization,Treating disease in areas of prolonged conflict,Philippines: Falling in love | ICRC,https://www.icrc.org/en/article/philippines-falling-love-and-red-cross,other,0.3833333333333333
World Health Organization,Treating disease in areas of prolonged conflict,Privacy policy | International Committee of the Red Cross,https://www.icrc.org/en/privacy-policy-0,other,0.3916666666666667
World Health Organization,Treating disease in areas of prolonged conflict,Myanmar: Operational Facts and Figures – Jan - Dec 2024 | ICRC,https://www.icrc.org/en/report/myanmar-operational-facts-figures-jan-dec-2024,other,0.31666666666666665
World Health Organization,Treating disease in areas of prolonged conflict,Economic security | ICRC,https://www.icrc.org/en/what-we-do/economic-security,other,0.6083333333333334
World Health Organization,Treating disease in areas of prolonged conflict,Myanmar: Earthquake response | ICRC,https://www.icrc.org/en/where-we-work/myanmar,other,0.35833333333333334
World Health Organization,Treating disease in areas of prolonged conflict,URGENT: ISRAEL-GAZA EMERGENCY APPEAL | International Committee of the Red Cross,https://www.icrc.org/en/donate/israelgaza,other,0.35833333333333334
World Health Organization,Treating disease in areas of prolonged conflict,Reconnecting families | ICRC,https://www.icrc.org/en/what-we-do/reconnecting-families,other,0.48333333333333334
